{"intents": [ 
{"tag": "greetings",
"patterns":["hello","hi","what's up?","good morning","good evening","morning","how's it going?","how are you?"],
"responses":["Hello!","Hey!","what can I do for you?","Chatbot is here, how can I help you!", "Good morning Dave!","Greeting, Human!"]
},

{"tag": "name",
"patterns":["what is your name?", "can you tell me your name?", "what do i call you", "name", "who are you?", "are you a robot?"],
"responses":["Hi, I am our health assistant here. Nice to meet you!","I am a Chatbot, I can answer all your question regarding to the subject"]
},

{"tag": "age",
"patterns":["How old are you?", "age?", "What's your age?", "you are old"],
"responses":["I am 5 years old, but I am very smart", "5 by end of December","I am 5, but I am smart like a 20 years old human"]
},

{"tag": "weather1",
"patterns":["how is the weather today?","weather?","Is it hot outside?"],
"responses":["Sorry, I did not go out today, I have no idea.","This time of the year, it may be cold"]
},

{"tag": "weather2",
"patterns":["Is it snowing outside","Snow?","Winter"],
"responses":["maybe, but I am not sure", "if it is cold enough, it may snow at this time of year"]
},

{"tag": "exit",
"patterns":["bye","goodbye","have a nice day"],
"responses":["Bye"]
},

{"tag": "cycles",
"patterns":["Cycle","I would like check my cycles","Can you help me on my cycles"],
"responses":["Open the app throughout your cycle to chat about different cycle phases for free!","I can help you on your cycles, can you be more specific?"]
},

{"tag":"bad mood",
"patterns":["I am not feeling well today","I feel bad today","sad","bad"],
"responses":["Well, can you tell me more why you are feeling down?", "Let's see, may be I can help, please provide more information."]
},

{"tag":"good mood",
"patterns":["I feel good today","happy","good"],
"responses":["Great, I am glad to hear you're feeling good today."]
},

{"tag":"sleep",
"patterns":["How many hours of sleep do you get per night","sleep"],
"responses":["Are you feeling Insomnia before and during the period?","Poor sleep may cause excessive daytime sleepiness and feeling tired or drowsy around their period. PMS can cause some women to sleep much more than normal." ]
},

{"tag":"reminders",
"patterns":["I want to set up reminders for my period cycles", "reminders", "period cycles reminders"],
"responses":["Great, Lets help you you by setting up the reminders today."]
},

{"tag":"reminders2",
"patterns":["I want to set an alarm for when my period starts", "notifications", "period starts"],
"responses":["Sure thing!, I'll let you know when your period starts by notifying you"]
},

{"tag":"cycle",
"patterns":["My period started earlier", "It started earlier", "My period started a week before"],
"responses":["I'll update the cycle for this month"]
},
  {},
{"tag":"cycle2",
"patterns":["My period started later","It started later", "My period started a week later"],
"responses":["I'll update the cycle for this month"]
},

{"tag":"cramps",
"patterns":["I feel like I have cramps today", "My stomach hurts"],
"responses":["I'm sorry to hear that, what other symptoms are you feeling?"]
},

{"tag":"tenderbreasts",
"patterns":["My chest hurts", "I feel pain on my chest"],
"responses":["I'm sorry to hear that, what other symptoms are you feeling?"]
},

{"tag":"Headache",
"patterns":["My head hurts", "I have a headache"],
"responses":["I'm sorry to hear that, what other symptoms are you feeling?"]
},

{"tag":"backache",
"patterns":["My back hurts", "I have back pain"],
"responses":["I'm sorry to hear that, what other symptoms are you feeling?"]
},

{"tag":"nausea",
"patterns":["I feel nauseous", "I am feeling nauseous", "I feel like throwing up"],
"responses":[""]
},

{"tag":"fatigue",
"patterns":["I feel very tired", "I am exhausted"],
"responses":["How many days ago this this start?"]
},

{"tag":"insomnia",
"patterns":["I can not sleep", "I have trouble sleeping"],
"responses":["How many days ago this this start?"]
},

{"tag":"anxiety",
"patterns":["I feel anxious", "I feel a lot of anxiety"],
"responses":["How else are you feeling?"]
},

{"tag":"sad",
"patterns":["I am feeling sad today", "my mood is bit sad today"],
"responses":["During periods,its common for a women to feel sad. what the other sympton are you having today?"]
},

{"tag":"depressed",
"patterns":[" I think I am having depression", "I am depressed today"],
"responses":["Feeling depressed, sad, or anxious is very common among women before and during their period."]
},

{"tag":"anxious",
"patterns":["I am having feeling of anxiety", " I a mfeeling anxious"],
"responses":["You are experiencing a very common spike in anxiety due to period. Sometimes the shift in hormones can cause you to experience premenstrual syndrome (PMS) or even premenstrual dysphoric disorder (PMDD)."]
},
  
{"tag":"moodswings",
"patterns":["I am having mood swings", "My behaviour is chaning quite often"],
"responses":["Its normals to have rapid change in mood during periods."]
},
  
{"tag":"energetic",
"patterns":["Feeling Energetic", "I feel energized"],
"responses":["Estrogen increases the blood flow to the brain and raises the levels of certain hormones in the body, which makes us feel energetic and strong"]
},
 
 {"tag":"dizzy",
"patterns":["Feeling dizzy", "I am having dizziness"],
"responses":["Dizziness before your period is often caused by the hormonal changes of the menstrual cycle,Are there any other symptoms you feel as well?"]
},
   
{"tag":"obsessivethoughts",
"patterns":["I am having weird thoughts", "I am having obsessive thoughts"],
"responses":["The menstrual cycle is known to impact mood and cognitive function and has been shown to lead to variability in symptoms of having obsessive thoughts and anxiety."]
},
  
{"tag":"breathing",
"patterns":["I feel i am short of breath", "Its hard to breath for some reason", "having difficulty while breathing" ],
"responses":["On a scale of 1-10 how would you rate your breathing difficulty today ?"]
},
{"tag":"optionsstart",
"patterns":["I want to see my options", "I want to see what is bieng tracked"],
"responses":["What would you like to see today?"]
},

{"tag":"options2",
"patterns":["I want to see my previous cycles", "I want to look at my past cycles"],
"responses":["Sure thing, let me get that for you."]
},

{"tag":"options2",
"patterns":["I want to check your logs", "I want to see your logs"],
"responses":["Sure thing, let me get that for you."]
},

{"tag":"options3",
"patterns":["I want to track my physical activities", "i want to add some exercises"],
"responses":["Sure thing, let me add that for you."]
},

{"tag":"mood",
"patterns":["I want to add my mood today", "Let me tell you how I feel"],
"responses":["How do you feel today?"]
},

  {"tag":"period",
"patterns":["Add my last period", "Add my previous period"],
"responses":["When was your last period?"]
},

  {"tag":"cyclelength",
"patterns":["Add my period cycle", "Add my last period cycle"],
"responses":["How long was your cycle?"]
},

  {"tag":"periodlength",
"patterns":["Add how long my period lasts", "Add how long my period usually lasts"],
"responses":["How many days does your period usually last?"]
},

  {"tag":"sleeptime",
"patterns":["Add time spent sleeping", "Add time asleep"],
"responses":["How many hours of sleep do you get per night?"]
},

  {"tag":"analysis",
"patterns":["I would like to analyze my period", "I want to analyze period"],
"responses":["What would you like to analyze"]
},

  {"tag":"pregnant",
"patterns":["I am trying to be pregnant", "I want to be a mother"],
"responses":["How long have you been actively trying to conceive?"]
},

  
{"tag":"unusualperiod",
"patterns":["I am getting unusual periods", "My period cycle is irregular"],
"responses":["Would you describe your periods as regular (less than 7 days difference between your shortest and longest cycle)?"]
},
 
{"tag":"fertility",
"patterns":["I am not able to get pregnant", "I am having issue in fertility" ],
"responses":["Do you calculate your fertile window when planning your sex life?"]
}
{"tag":"pre-pregnancy",
"patterns":["I wanna have a healthy pregnancy", " i want ot have a better pregnancy and healthy child" ],
"responses":["Have you sought pre-pregnancy care recently?"]
}   
{"tag":"vitamins",
"patterns":["what else I can do to have a healthy pregnancy", "want to keep up a good and healthy pregnancy" ],
"responses":["Do you take any prenatal vitamins or supplements?"]
}
{"tag":"lifestyle",
"patterns":["I want to change my lifestyle", "what lifestyle changes can I do" ],
"responses":["Did you make lifestyle changes (nutrition, physical activity, etc.) before trying to conceive?"]
}
{"tag":"babydevelopment",
"patterns":["I want to track the growth of my child"],
"responses":["How were you planning to track your future baby’s development?"]
}   
{"tag":"stressed",
"patterns":["I am being stressful", "Feeling stressed today"],
"responses":["How often do you feel stressed?"]
}
{"tag":"diet",
"patterns":["What should I eat during periods"],
"responses":["What is your diet like?"]
}
{"tag":"weeks",
"patterns":["I want to know my due date", " When will my baby is due"],
"responses":["How many weeks are you in?"]
} 

{"tag":"firstpregnancy",
"patterns":["What should I do in my pregnancy", " what can I take care in my pregnancy"],
"responses":["Is this your first pregnancy?"]
}


{"tag":"babydevelop",
"patterns":["How would be the baby now", "I want to check know the how much is baby develop "],
"responses":["Would you like to see how your baby and body develop?"]
}
{"tag":"nutrition",
"patterns":["What should I eat during pregnancy", "Are there any specific nutrition I have to take during pregnancy"],
"responses":["Would you like to get nutrition advice?"]
}
{"tag":"exercise",
"patterns":["What should I do to stay active", "I was looking for any exercise i can do during pregnancy"],
"responses":["Would you like to learn more about staying active?"]
}
{"tag":"reducestress",
"patterns":["What can I do to reduce stress", "I want to keep myself calm" ],
"responses":["Would you like to practice meditation to reduce stress?"]
}
{"tag":"firsttrimester",
"patterns":["what should I do in my first trimester", "what to takecare in my first trimester"],
"responses":["Would you like to know more about the first trimester?"]
}

{"tag":"secondtrimester",
"patterns":["what should I do in my second trimester", "what to takecare in my second trimester"],
"responses":["Would you like to know more about the second trimester?"]
}
{"tag":"thirdtrimester",
"patterns":["what should I do in my third trimester", "what to takecare in my third trimester"],
"responses":["Would you like to know more about the third trimester?"]
}
{"tag":"bodychanges",
"patterns":["what body changes I will see during pregnancy", "I have to see the bosy changes I will have " ],
"responses":["Would you like to see body changes by week?"]
}

{"tag":"pregnancydiet",
"patterns":["What should I eat during pregnancy", " I want to know more about what I can eat during pregnancy"],
"responses":["Would you like to know more about maintaining a healthy diet during pregnancy?"]
}

]}

